x,y
37.4751130817458,28.524377234171606
44.18047594372183,12.805008025751397
25.880473013967276,20.080892902434055
6.11865347251296,13.330263071712384
28.05354011245072,16.774731947537365
45.7704816525802,17.726234974613455
18.060805443674326,1.131454097793492
43.343277596868575,16.287969888894956
19.29830395616591,1.487542215313969
37.59812288917601,7.847810775502495
33.417219584807754,66.5736875379616
53.27388699632138,-5.361499625675378
56.60677988547832,27.452783971971773
51.660802946425974,-6.877277568104478
18.524502497166395,1.1835249162471224
34.06466974876821,12.428148575860218
19.582991511560977,-10.320086308222875
16.358893769793212,-8.047446012375135
30.312511925585568,8.06675343187166
49.485223442316055,-17.94993210443685
16.99746871367097,-2.258688434343247
36.24258418567479,37.964907378473384
35.56113910395652,24.820121937510997
52.03122654464096,22.048520652901093
7.295411420054734,-7.850298605485802
55.67545676138252,8.261206121918423
1.9116112170740962,-39.44635836756062
29.223575731739402,2.2990578202195397
24.02722447179258,28.627889866002356
10.230857580900192,5.733519660327842
10.910513545386493,21.641846433676623
13.46731839235872,-15.358655877529095
45.53085770923644,14.290316980233506
58.473399532958865,-0.8877274854233015
29.370639100670815,9.016223631231254
42.01369904447347,12.510564669737777
29.482815368101,25.15314710638822
26.6106967208907,11.225132101783583
25.127578228712082,6.716740745007256
18.84812896605581,8.05358613351775
11.742741409689188,-3.0387879492752523
45.486778328195214,-5.165558222576223
34.67175272293389,44.39365714175256
54.785232888534665,0.6984905208371455
49.16525491978973,14.394733089971513
52.896565538831055,-5.555894135241952
47.28877109941095,-1.392409724482789
34.20410865917802,24.96222292472634
32.61146589182317,29.857904388984533
11.243815328925848,7.047408978146883
30.90708514675498,4.638474634518699
17.37975797150284,-8.024186246453292
2.4457603320479393,24.917321220060714
39.904754580929875,7.7285327970103985
53.53940694127232,-15.038766175099777
53.90436321962625,-20.873403811972107
42.44162080809474,20.464916402651795
24.56964998971671,-8.370617107744234
47.96016527339816,-9.48964053061509
58.011458767578006,16.53820711540559
46.18131193332374,37.24665560875634
0.16937540844082832,8.188260197120359
32.65981097705662,26.193420456355938
20.163172306492925,-4.690974675303898
29.548577615059912,9.91164268275024
2.048608213663101,-10.215232278339002
9.452321114949882,2.7247715805006227
38.24740159325302,5.057485961782946
48.393865576945245,10.012388490351926
49.4453188078478,1.8975189398641863
29.766956423409283,-6.393823184323239
28.28325883951038,-3.2242377358630354
33.80557569209486,26.438237047252912
14.14577211253345,-0.453857800963144
13.578814398497343,-10.979595985436632
53.14697865396738,5.7647042265023964
47.92274731211364,-4.925138795472359
29.799038632772863,-15.422301381850751
31.836489960551262,17.218959174306892
13.524838755838573,-30.610508222642387
55.136286900378764,23.265854519445668
4.878071970306337,0.7454375308397623
26.770600522868335,1.7810904164467138
48.94300819840282,2.851815892356202
10.47042952850461,-23.176947453557528
42.126902528107166,9.648536690553616
4.018873907625675,27.59553515164805
38.43628055881709,11.337039524074546
23.14833620097488,6.346684556119609
57.05056880135089,19.538810741934377
55.12761899270117,6.197795977581569
54.19448425993323,-6.035616280813578
48.347501079551876,-6.241820590875632
28.58525823801756,2.7894100298022013
27.666342523880303,-3.832513243456507
50.947471470572054,16.631197124438664
20.55795969441533,0.14911025548259765
2.8681740816682577,9.477472887147353
36.96549197193235,10.39443269166041
23.264393764548004,5.106532554302837
18.6320957634598,-4.085118143299101
22.513870331458747,0.6462965595922924
44.599183006212115,7.026208421400509
37.79916801955551,8.516153776275535
22.16276502236724,-7.992011875133857
37.10676049813628,22.233191794081975
28.968160785734653,-21.279074379439155
48.62960638012737,16.482793936698453
43.529606577940285,2.489447568238539
48.31944453064352,-8.712113432589081
29.770078961737454,7.491028411977064
28.531969129107893,1.3494777415622978
17.98571619205177,2.8945142391392578
40.00068354886025,26.681027984703356
25.554089793004096,2.1272454901687614
35.399984205141664,10.04018781434498
45.67662906367332,4.891196159632152
18.91329752281308,-18.585121670689386
45.563899744302034,6.510834282450746
48.64390395116061,6.627183645324711
3.874921244569123,37.50464522822321
33.26555063948035,15.323833454535903
43.49957536440343,21.06621038015031
31.88484094105661,46.466950214998846
59.45775829721242,30.459599509815874
6.379765053279698,9.335877202372838
8.666332284919918,-12.063401601178722
59.85552908387035,-5.943256458966225
8.80713699851185,-0.6097969130514134
11.225865189917386,1.4807362912046953
58.01415009889752,5.828612830608049
52.42797198705375,-3.108924570609366
41.80152059532702,2.395377459028607
4.612439526244998,14.445019675854471
23.07649933733046,1.8456048079251732
17.08954654633999,6.351148426337714
35.40131641086191,34.91350905334791
5.964644146151841,-20.4825156961577
46.530141052789986,-1.72530841988487
13.062923862598836,-27.22533602552511
25.709808343090117,-5.848118511124494
58.325229990296066,10.825194435880135
13.974582371301949,4.967308425288962
43.99905391037464,-2.927005467159347
49.30498816072941,10.435242286902259
7.436027443036437,-4.060672178537935
36.39297311659902,-9.70850439770987
44.545602360740304,-0.5131229738020764
10.91399924363941,-4.916268198589421
35.946692232973874,41.498612484817855
4.278849991969764,-7.890686808253902
19.370990926399827,-14.859109393167573
17.661841199733317,-7.130739638409973
29.88721802830696,-2.3429454674222137
8.880498921498656,-24.588812079268287
59.18243032414466,24.734783968967047
4.695508196018636,20.119992507597686
10.726114315912127,7.900308614751004
21.404287330806255,-19.21936880601965
2.435797741636634,1.2175122655444612
30.216187848709524,11.894900600194706
25.21041784901172,-1.5791828642976813
3.979210238903761,12.14596186315309
5.8510720962658525,13.407868869718513
35.03191541880369,13.802866076803937
45.74680815450847,8.408070713486701
37.31471068225801,14.72403628859857
15.566502842120826,1.2731639933241023
45.207795314490795,-1.7682372761591552
29.57937371917069,-1.4029297138468904
24.56496376544237,-1.3559375659470914
58.57621887233108,14.405145146583124
30.161040681414306,-10.895097060214983
16.472337786108255,6.751025686052754
20.38283435627818,-1.7493964286515036
38.633670383132994,29.848473145539863
7.499560830183327,0.9562553560177651
16.10766161698848,5.2744001220650585
8.660742645151913,-5.261159843943805
50.1811091741547,21.450393261067507
36.607323666103184,30.319869662065575
53.63679246045649,-12.623132455196437
15.312442551366985,7.3657251958980945
44.910111729986966,13.848407343303432
3.7575868098065257,-2.4857865490145867
50.023543811403215,24.760563456294474
45.10759260971099,26.709958006679805
49.44004611577839,7.880652585842909
31.53745845425874,-1.2148655038661769
22.713190927170217,-8.98084766670815
25.71842056699097,-7.872340109876063
31.862511467188597,18.539936687488314
26.154709900729358,7.8511328077478915
48.88988373801112,2.4860427067633757
51.2755987001583,42.84773048853745
45.62628687825054,-6.04187438853014
8.470366741530597,-18.410226419147733
30.58197610080242,12.73162059560986
35.72991977445781,41.3854509590591
24.186259168200195,16.61893853658298
16.70190774835646,-9.696985448402954
6.2938880966976285,-23.29606491582971
9.486162308603525,-2.7490258756492043
57.58349038660526,0.8242804844760521
36.69731947593391,34.96500500051978
41.41036855056882,-17.163764772098464
24.442993928678334,8.011636775387448
7.614900008775294,-15.593701832874537
7.506350325420499,-14.796562860050994
17.92497226037085,-2.5274596920271195
39.70415223855525,35.09748328918883
22.125057284720242,-1.4485257365729383
51.4246972091496,11.364029116942433
38.49634061101824,-13.050013839059911
22.78817610349506,-1.8505931430824643
17.054654792882502,-10.112480423527863
50.16455599106848,10.573703248068806
49.81890595983714,-14.439324343927396
52.647917470894754,-16.182327567797234
24.163072421215475,7.668673291848018
29.713563504628837,-0.930583905996039
1.082181860692799,3.5691337332685
5.4530533868819475,-4.284914710795371
55.344492718577385,-0.3404355679778668
59.58186444360763,22.170624889217816
35.74555620085448,19.100630919960224
4.247227529995143,7.377836350120941
31.01311341393739,-6.21492660057468
44.603579943068326,0.3634250685927096
46.72817504033446,19.03814475865863
5.696128914132714,-3.0669874585974286
21.06366264168173,18.389674169048025
53.67451041005552,16.87684868247033
13.04185030516237,2.9554639921959813
27.06515046302229,2.8791626841752644
29.48287982493639,10.461922594948353
34.03981789480895,24.050863171735067
7.040246967226267,-13.225793877493931
47.65490627847612,23.93812884745329
1.3571605738252401,-8.866207824654069
29.940940593369305,-8.629741816101474
3.7606121879070997,28.77373849041961
0.791787444613874,-14.51872041204211
55.42142834980041,14.536650189618019
48.986803628504276,6.524367799187766
20.879877959378064,-2.7400548248055494
6.464492417871952,-15.694682449105322
28.377228467725217,-6.642721348559051
58.3475529961288,0.7999211178901682
0.8974885242059827,-27.42970220350055
0.6794838979840279,0.45111035582102765
25.216796002350748,-22.53324779077833
44.23042279668152,11.924340686970798
36.456850371323526,25.195467629273008
26.822128272615373,2.2262725394683156
59.001813316717744,12.715169923026838
53.2265286706388,-9.403431638001456
10.661087301559746,0.24625921920006633
54.25622428301722,11.996447478614384
41.50123463943601,18.105721572658567
46.38131068088114,5.9160854741210676
3.645005375146866,7.463170335151393
38.02875938359648,14.474473891451762
44.86216960474849,13.642132402417207
14.42178170196712,-10.546645408202252
24.410432637669146,-8.904163138774887
45.71437141858041,-0.5205940114494751
54.889512243680656,7.89319659926197
17.435728227719665,10.090176901340566
8.827772587537766,1.449072246011157
35.260310880839825,26.873476830783048
39.86888038460165,-1.6266955323566439
24.820916522294283,-3.3194934269426675
51.85073875822127,3.9873925930119194
43.3324777521193,6.524608201652562
11.074157659895718,13.131945959407727
48.45341032370925,7.675514482963558
40.999566237442195,20.9376775911908
32.359027178026736,23.8404966337891
45.05518061108887,-1.7398477647579131
27.388675790280104,-0.7027287862361765
31.96855873335153,20.924034198847142
20.769956968724728,-1.4963782540680628
27.587217749096453,-2.0188506072585986
13.408315158449113,7.604862270259626
44.657713822089136,27.45993629079712
42.8056750819087,12.492635874028592
4.9143192591145635,4.391746444330865
14.26226635929197,2.5181587224096313
1.1333913076668978,-5.697780591971413
43.87116185389459,8.002112746550239
16.207512547262013,-4.629797182861755
43.17038998939097,6.2915020324805235
29.04579296708107,-2.6049420993226704
22.215136592276394,6.935601110900052
38.49481986835599,39.423635097148164
48.872250532731414,-10.301251063890629
17.88914427626878,-6.016964309592072
16.190400375053287,-10.82355677854913
24.298054380342364,14.512965547631005
22.31814787723124,4.865001546015641
53.71790735051036,9.67238122658389
7.315940083935857,2.929928643967413
34.306629127822816,19.50880169372657
39.2623689584434,18.297332435101737
10.242923623882234,29.697237745801495
32.433224162086844,-0.053490378759754265
3.5928111942484975,10.20447438440719
54.52989771030843,3.148094788028404
24.042727136984468,7.343868973680781
49.24244082067162,15.794625967651253
36.562848701141775,13.730733363783491
59.08380780369043,1.5381267237997562
47.8789768461138,7.922525354277996
57.1591677563265,13.187657352229195
30.155057818628848,2.4374166197329057
7.5908628618344665,-5.510228965170054
28.805216406472027,-8.24443918139048
45.042985836043954,27.242762696235143
59.13726498372853,18.661878375098674
10.828660908155143,-17.039482774207144
21.105084232985973,16.25314381478906
17.0398481329903,7.3564476994039225
26.257049879059196,-10.772700109716576
57.341281617991626,25.89838179722922
53.89878108166158,9.913086183582749
56.65230858139694,22.31520202518027
42.845436204224825,-16.657240593081454
53.92642248887569,17.14268725205167
55.88927584234625,7.341270824728628
17.893900265917182,-9.870541382442859
12.220986750908196,-17.515248897391903
9.935017093084753,2.025548830761622
26.553190075792372,-9.100495995867544
10.379721857607365,-3.6666078302907508
45.925140688195825,4.29709666146747
3.1329162139445543,-1.0568683405133625
16.46792957559228,-9.266714346758402
12.196028614416718,8.647911509630788
35.823908457532525,22.171230393865443
46.79628549143672,-0.4548214723012318
38.56990515254438,16.56994396420953
2.4007746716961265,-21.782735326125184
14.97432173229754,7.530343896683462
49.78676806669682,3.9774447441589857
48.53405648376793,14.68902309708675
15.670332172885537,-4.967547747812888
14.452215135097504,-7.382124948322
29.07894560135901,22.816937697718835
28.306360552087426,-11.243960135982839
26.609078384935856,-6.16608466898298
24.43733082152903,-3.057086946708629
39.157709958963096,12.909539522147508
26.108866282738745,-4.169365966583118
44.67105010058731,-11.437797017634555
8.979758452624083,-7.539461914469818
0.02300187014043331,27.460520993616516
22.590382006019354,19.79096942102231
43.62155671231449,6.869807976260352
25.91031789779663,9.285993503539611
10.650312169454992,-3.234955789772119
25.883697364479303,-7.837503137482163
35.09147002827376,20.149714556051478
59.94942076038569,11.19127245150268
50.93982690945268,12.77339633759153
26.92233631387353,-3.34450496279198
6.820025523193181,-3.0628620956173154
50.682325875386596,15.570240862393568
29.907812923192978,16.041856110806584
55.70243024267256,3.095769061218042
55.27242352254689,33.629383757021174
31.18497070390731,8.917478476928965
40.584472767077386,1.0376201072937405
49.26738192792982,22.649371828048363
50.494761848822236,-6.758034935086766
11.715008597820997,-11.4419344841915
22.005213894881308,22.052157735556065
28.593909898772836,-28.974438947063785
42.60908346623182,-4.207318533065488
22.7672263327986,2.2935426587351913
41.528437407687306,20.91368916647419
33.57724358327687,14.47775950474646
8.687317846342921,-10.966600311559453
8.21793966460973,-14.43144490023268
45.27684973552823,9.536586270223165
15.644387821666896,-4.450602721719754
38.84506010916084,7.930745930421068
38.322461787611246,14.639591839119747
49.950914327055216,-10.441011624010734
1.7953210417181253,-28.347759879555248
22.092299731448293,19.516609294388676
24.554223138839006,-0.105595129187179
53.61650558654219,-13.676508726685848
41.268943743780255,15.93227103635482
11.577110406942666,12.533663435360118
21.117093544453382,22.915386929161322
6.859859162941575,-17.388679643756994
43.0848979158327,7.074782206768058
16.75440715625882,6.588216749564802
51.14382575266063,25.060687875873466
58.41743626166135,46.57312444519856
18.437313940376043,0.5338516059933167
41.751234638504684,24.246426169896907
55.89293167926371,12.23216049653918
0.6928389240056276,-24.599667413686955
28.937323205173016,4.982288267257752
15.237155724316835,-8.863020720545904
15.778112285770476,-16.940046799463513
57.7205172367394,26.536793003313118
15.884934961795807,12.089503355304284
5.302394279278815,25.068364558764628
4.212505901232362,18.63353471507523
23.404512824490666,-0.14093071955168768
19.20297609642148,-10.698128561795459
42.349466728046536,-13.605199278635393
33.046463881619275,3.598638527388573
36.04334539733827,32.64365151605611
20.89969372842461,-1.2739696925756012
33.17628767341375,24.23543973980688
7.246802416630089,-19.802858935551605
35.77174176927656,-5.052315942409098
3.2250536140054464,-3.3496493279613535
59.808025541715324,12.174936578272144
35.64247129485011,21.084045298361094
1.3654788862913847,-12.20826355901843
30.539797972887754,-13.577135674519418
3.3261514641344547,-5.578259635528376
11.572720943950117,-0.453502659692095
52.679373300634325,19.091803982342103
36.03484011255205,31.683499781577087
30.154458372853696,2.47631862460457
58.98523363284767,-1.7738670352655959
21.417006449773908,-5.572425993479399
2.301901699975133,-1.735680546078798
33.034036327153444,0.06839832045916694
59.795521893538535,2.8698641266835274
22.10484457667917,6.016617328115971
14.452442633919418,7.539925990167957
37.58993251249194,3.1106436445899277
39.47033566888422,17.037177846081594
42.495499681681395,15.926298815876466
58.20367273874581,9.838625485848478
44.06830072402954,25.969690979209997
23.826497015543282,5.570135997959464
26.55912682414055,-3.32993743051274
43.06808584369719,19.898992547169932
15.861350689083338,9.015719101751346
46.10831297468394,-10.056267946153739
34.804213154129684,6.2732322392356625
5.042260377667844,8.02434994826103
25.2099615521729,7.301879674901888
12.857622737064958,16.815451335810923
12.472108234651387,-7.256474884055458
4.363849880173802,-1.453536137576763
43.96403755992651,4.553468650977516
58.77100293058902,1.555439051495025
46.93569973111153,3.9415979476990852
27.895128303207457,2.901173148711763
19.77703804615885,-2.5990278015114883
57.17200820334256,13.219668344233348
25.887149088084698,-11.953742967453524
26.591363777406514,19.38768331499946
18.3185961144045,0.8518407285001269
37.80833279248327,4.517269845415971
17.024722611531615,-13.765110890535109
45.290056499652565,-3.555733008730394
7.195223495364189,-13.341022180126702
15.56771395727992,11.601203764043872
22.40551058202982,-5.777112583972178
21.499778972938657,3.890309306079896
59.201111239381135,14.193281953816623
54.989395500160754,0.2783580143971527
38.004278652369976,2.8119435343309647
9.587554140016437,20.314037467527726
15.242900038138032,-14.782390182342848
16.970653007738292,-13.646554552742408
51.10756726004183,-3.5556524246046246
47.001468571834266,2.788223011432475
48.89596831519157,6.771567413960288
33.903862070292234,16.926634575212923
9.685414787381887,19.399466900953417
26.321510151028633,-31.983137146510657
27.902831523679197,-15.60682679129106
39.90824048873037,22.863632546463187
17.598718833178282,-5.875419579788004
37.306474512442946,5.793090817018813
5.988880139775574,-16.11623336359347
54.27755017764866,0.5729695368246528
16.78937204182148,-3.4288914792402143
33.16452536266297,41.135075703077675
15.575631530955434,19.53058699741129
57.82462833914906,4.073703180477251
38.84677732363343,20.411901089176958
27.434053933247924,-6.00246499203048
10.156504986807704,8.77058252827206
26.673478139564395,-4.0826307046998265
48.836874570697546,10.731453580633811
57.95661702286452,13.900103227693531
19.999679680913687,9.729800588365116
36.70471758116037,10.08796371265241
5.665934588760138,5.750144244156084
33.928171950392425,4.979552653983124
38.363900603726506,2.8596923159838443
12.105738501995802,-1.4198449386614649
18.215398471802473,17.04129430195876
38.8740346301347,-3.1103487388340625
19.39509366173297,2.3357754495731093
8.664532382972538,15.112116978970949
35.359367206692696,21.834207342168305
43.86961148120463,7.38013671426955
55.41073185391724,0.7398715626159369
30.72644228115678,1.832092950876321
33.50499564316124,10.898611007548737
58.319126749411225,-2.909386128729988
13.47228697501123,-18.139134784690185
18.19431922864169,-6.368344512899206
36.99794705025852,24.168862829149088
0.8926596539095044,1.9474379822097445
29.810161096975207,8.650302207905844
30.26175512932241,4.017384279812407
41.07076547574252,1.784296181991813
3.1676786625757813,-34.791907793397236
19.702605111524463,15.439195840826764
48.58173861633986,-4.228470870220928
18.646885212510824,8.209235805458192
37.32320374343544,31.68347135946482
21.889952919445932,12.593837200153732
33.62758339382708,5.667888969267251
17.594982543960214,-29.721509368849063
10.255006472580135,25.366025645916615
43.000768879428506,28.096167240038618
13.26468818821013,-13.2976544005971
17.624179674312472,-25.520254173673266
22.462345082312822,-20.68864203876849
31.276897047646344,14.90289458292909
24.54676007386297,-24.235662723705513
24.078017198480666,-9.712927981371482
32.43953189346939,16.136021738091735
8.917986508458853,-10.93051788297062
56.36907340027392,8.57202252294689
39.47883578483015,20.258632055690427
36.384566933847964,6.441094209924088
9.587298408150673,-13.73222419201145
1.7659825226292014,-10.790611912796539
59.290660503320396,-7.3821478141059025
23.366062897257507,-11.757423949284798
15.194429685361683,3.164581824175922
52.09616795182228,4.558468150890553
45.459736827760935,6.830880871123954
0.526512460783124,-13.916775314013877
11.550100101158023,3.7368687081026595
33.88354447670281,11.465246174829623
30.205307342112064,9.175509962567418
16.1373854521662,8.150577281865779
50.84527493454516,15.302841944017523
19.826902407221496,-22.532288463600455
47.13645131327212,-0.6055932465958183
54.26344730425626,28.519073896831525
51.89576540607959,12.187911192964723
59.90457625128329,0.23779468894102962
35.03731145057827,37.64685105996939
56.48343034554273,25.39357893789895
8.949933657422662,-14.8989055601803
47.85198208875954,2.426337508342778
20.214141416363418,-17.068369012348732
1.2959089921787381,-11.172766473143444
53.35097461938858,5.6580350065395315
15.88668767362833,19.7904302026377
24.69413203652948,10.80228058308288
47.741069504991174,15.294881800172748
44.27756344433874,9.3037019761759
54.17350770905614,6.860534953843529
41.25438471324742,20.185048526320735
22.34639315865934,6.559067003941468
37.726818742230535,16.733987202457325
4.758784957230091,10.708024116585838
48.27451867517084,9.491230489928359
37.875215099193156,23.55042736439802
57.952472479082644,3.721823028840438
43.41615774203092,16.20127309454449
15.51397344097495,10.05835861507334
41.573731186799705,16.323059305915955
39.50523042585701,17.385082321841935
52.12737240828574,3.685412618697054
10.511475205421448,-7.054589798280632
38.329712678678334,20.55293469412834
36.03180218953639,25.6546457246642
10.001183012500405,3.5838375829422757
26.340309963561594,1.2909994657200976
53.72819120530039,-1.8378881112481675
50.190971810370684,-11.174900841349796
46.57123583368957,8.655750796651253
44.55575188156217,21.366615357404147
37.546619391068816,35.141844611753235
51.599644124507904,-5.78667312605622
24.429507292807102,-5.834275432983217
17.761953491717577,12.524971192094123
39.907917995005846,19.773488437047682
35.56276784744114,7.211813072979162
40.81802043132484,11.661019522859414
7.315052258782089,1.816755622213221
10.596153200604022,7.993245566260386
56.61128990817815,0.16123070620282753
43.58512201812118,19.07597863904565
2.0099503453820944,-9.180920516491131
27.069032806903124,12.725786784056881
41.00485232658684,6.158365706535294
28.853723988868296,-40.683741504887266
58.803761252202094,6.425382878763629
40.15230869874358,34.98640853333841
41.15125176496804,21.413399422691775
16.45447164773941,-3.9547470402859624
24.22161562833935,-10.823482673872572
4.454806772992015,15.384424857028325
41.85502752196044,5.716495295244579
35.075556272640824,20.43961561615124
35.942285056225955,-11.37553634644171
47.53195985220373,5.38517770508965
21.288292198441923,-26.8986981731707
16.986186518333852,15.371889901350425
41.307766302488744,1.9273116436190794
14.427201091311872,-13.330118508660838
16.681704595685005,0.47510251778739343
31.816118052229285,42.11222225975857
53.29741955269128,14.93738091922475
54.75122925359756,17.195061078368564
14.988388745114207,16.367022332577
40.22634349297732,25.041658203032377
6.7651855526492,-12.952612350984207
40.53041819483042,19.36237233056753
24.997351937927306,9.40523208619151
25.359751665964723,-22.831218750067443
8.987086694687605,-29.69972136588489
44.2122399341315,7.6746425195493675
9.512721835635602,-13.703733279841645
21.297907386906445,-0.46905179471670305
50.37589320447296,-7.965147929990767
42.15263022109866,12.200136517961853
0.3880405146628618,18.907904518368667
56.043394706211984,28.11223734061501
53.860728135332465,5.294911910019307
51.07420493848622,3.26679281850895
51.998679363168776,21.3841565252423
44.44252522196621,10.936661512189778
49.273496344685555,2.723879708468979
54.0019725356251,4.48865252625031
43.11010866891593,-8.745758925746262
41.54515324160457,1.9859428264905947
59.008536343462765,-3.3788678173629094
58.847547098994255,32.42171892563607
52.24237640853971,-12.161199606539423
50.10789492633194,-11.196495431387817
1.5411282051354647,-10.920776804375564
32.26241104770452,9.204503457142387
32.31992050074041,23.926577979877287
18.048780597746372,-8.285515566029249
29.904102073051035,-7.269448249081475
1.7616440495476127,-2.2480645253156286
6.997236614115536,-14.114135566928589
17.63386835809797,15.872918321422805
35.84148521069437,56.572996387795015
21.17985550314188,-4.130094306266406
4.444946316070855,-16.645372854629702
4.602645747363567,6.627252745538803
48.9584024855867,0.7466128887929546
34.13237100932747,16.68994345775708
39.08884200733155,10.537496683006223
28.274214528501034,9.410421045044547
0.580228571780026,-8.37369322496845
58.107138932682574,5.890590982467156
46.267753285355866,7.172749443228414
53.556087906472385,-1.0973013198774666
10.75827703345567,0.02747524181962735
1.1793170822784305,-2.3235152173528064
41.36002586223185,16.22585107377825
17.75295926257968,-11.856715692147414
14.742523664608598,-13.449126368066374
9.53015228267759,15.235745803463566
37.52423236146569,15.889922866994809
53.32953164353967,18.588139593735853
3.5777876526117325,17.883632323244726
51.39795934315771,17.227997355815802
22.020542495884,24.386598657409294
31.73309651669115,29.757388950090807
49.15254284162074,-3.2437814611233264
0.32680485863238573,-9.758068613841658
5.884803626686335,1.8069273243841077
21.94595906417817,9.476980446635615
18.234467734582722,8.07752660082485
29.468108480796218,-6.00572693345525
23.805408300831914,-16.099958544226034
57.95573562383652,37.22555215940014
8.023665184155107,4.423256086694782
12.149224053137004,2.5235555265262333
8.505651243031025,-23.866731153142204
5.070720976218581,-17.758046208246327
45.595615482889116,6.325952227833439
13.174451957456768,-19.764035747449668
20.257216044701636,9.755722230108255
1.8876644410192966,14.671668744976355
25.266636097803712,-5.851480463859967
13.673665663227439,-14.722122822247965
41.39124173205346,8.497532293145163
22.271648067981005,-16.592155628254417
43.44076459296048,1.136291435541132
1.7164303176105022,-5.976098923483634
19.786491827107966,-15.995739243352556
50.506030563265085,6.677014469741536
53.05886541958898,3.176665390540392
34.45904846303165,35.34958155843363
49.0771416015923,12.278050650041994
17.920704055577517,2.7928883678818788
11.178627200424671,12.723663452892009
27.262401916086674,-2.934018601887287
11.428258465602994,-24.42502669540219
44.994035619311035,6.42923523325533
40.87767502292991,3.744858280517686
56.31642736494541,17.511489290896094
42.51770187634975,12.989072586985705
37.96526866033673,17.376987390891095
48.18221968598664,7.974815894485329
9.00979948695749,0.5702932367047961
55.72881736792624,25.96090269106988
7.838279460556805,1.2210238975967922
43.618770078755915,12.728046357755325
13.905041771940887,-19.31355292200021
39.03296111617237,14.78809901266218
30.14837695285678,-7.9480396948947005
36.754820980131626,21.063197661916153
28.713710946030915,-13.969402651506767
51.86986596789211,1.7541549821437104
17.640185113996267,4.765725915996038
57.051030825823545,7.107150378042515
19.128116481006145,-1.7097849390856958
32.21804162487388,12.233443093424084
0.14851426240056753,-0.13446505642515238
39.410110311582685,25.090620299787087
13.246191130019724,-5.508720265141151
49.95791339781135,-12.775922321874585
16.274007065221667,-1.6514127652894697
35.03973274491727,22.146867416785355
47.44642533827573,-7.489242946016871
56.27571267541498,15.028085851982777
7.426344291307032,-23.66239589620548
36.629328075796366,21.432111333375985
18.52108568418771,-6.824074048051667
57.54532791674137,-3.5077968694842667
58.19798850920051,-1.319619174727075
48.403312931768596,-4.115353580156809
49.355228268541396,22.726114162571164
29.610932590439916,2.8077651503680343
16.064312271773815,13.167734404531805
58.13767571467906,2.906571836426009
12.880041603930295,-17.646570646457644
28.121210052631795,-3.7184650648085453
47.02089502941817,-1.0531990243153766
27.683309563435614,-18.336713498069358
55.703793028369546,1.0043507349274137
24.62201208807528,5.178983627677104
18.352405093610287,4.331341905029149
1.6690592095255852,4.520227265754102
29.826596626080573,1.3850315522435905
46.89584932755679,8.260452601670387
48.28619047533721,-4.502937191819335
48.84533178526908,8.0776473361606609
48.48072390072048,9.838747240389061
34.57047333475202,21.643321759761182
43.24867432471365,15.765586790523031
39.829526231624186,6.256509869596186
35.01286217942834,22.393036389195643
47.58002658840269,6.769491303355208
9.763556350953877,5.388840759158072
38.47308373544365,12.035844725689444
37.124751806259155,12.792568227627857
46.13400046247989,2.9065616965756593
37.92820484843105,5.037265279193408
19.748493768274784,-4.860421494347949
51.527532893233,-0.28590085192997705
0.941894156858325,-9.359460132305541
33.65311911329627,35.88967210555792
36.89775962848216,12.42169742788176
5.687234806828201,-5.831882187588378
36.068259556777775,15.583373077484133
48.54469046462327,0.36848883584787284
34.351232405751944,31.029310515023777
5.014071422629058,21.55439074242752
26.277962042950094,3.9169089262679258
50.08962222374976,-8.992541821641993
37.80284468550235,34.78822124597589
48.61587977036834,3.957845470365541
33.26937970239669,16.005591742463064
18.458985155448318,3.025329287286194
44.60135569330305,2.3373376835839466
4.608219461515546,8.78327765291136
31.280240518972278,-1.2544524670744082
58.35783421061933,3.3889072300724443
49.7910076752305,10.774109530650286
9.034908819012344,12.237433438555946
59.431323423050344,13.826287850730868
26.574133126996458,14.69601765902436
38.79680180456489,-5.594918374897738
33.28003359027207,29.230495842645908
55.701950741931796,2.9841405656885076
0.8697324385866523,12.32266937846427
51.85782998800278,4.178605073596744
32.90282526053488,17.673741798850575
25.301454411819577,18.132294828581372
12.764421729370952,6.358436085605552
46.34005229920149,1.9678175355987317
1.9357446022331715,-3.2466409416035376
54.4162138318643,11.597151271357264
19.935362502001226,4.306504752078534
44.58066254854202,1.1860627743414955
6.410743002779782,21.08882030049431
24.317190013825893,18.37724324867395
13.620337508618832,-16.989615632435253
53.100772742182016,-5.668685312248188
3.852804182097316,-3.1587169165881934
25.233792141079903,-10.195628014508666
18.90049796551466,-7.947922104930036
4.991355976089835,-0.41723550381749597
30.554261547513306,3.2334779428851066
43.05817369837314,-22.13676861950268
24.278596490621567,-11.901891553247186
17.588714249432087,14.063519455044595
4.986917772330344,2.9280894124435015
24.586603925563395,-10.148682989228671
54.2918364610523,13.991712886835035
0.5096888216212392,-8.887671081617857
26.64778869599104,-8.818295489824242
58.097837548702955,21.813822934382678
57.723439265973866,-7.7036352326389625
29.84806939959526,-3.307831162028427
8.677738169208169,-13.987681096408282
7.914444892667234,-26.60162379478623
28.607198456302285,15.178062233523871
17.96811182051897,16.60996217107567
16.711952397599816,20.833016989830483
50.87934894952923,9.785145900348404
53.05437097325921,-18.672167216480883
34.68819458037615,-3.869941443042528
23.281777258962393,1.0132074308246346
1.72196245752275,-16.129371105393073
51.97110394947231,11.273833690485898
55.928168753162026,7.798369858273101
18.63366669975221,-13.594770757718123
56.46061881445348,-1.6652188687809648
44.99446927104145,-0.09390712477463481
57.39182853139937,9.085510614789765
14.639747561886907,-19.955291727600425
20.716460896655917,15.098438973647639
2.7676936564967036,13.353612401751395
43.53633301332593,19.351042689320064
18.49087632726878,13.678801687218261
33.506784215569496,27.48703882656584
47.488700933754444,0.6495999755658284
11.774260271340609,11.599125231668543
20.76677391305566,8.385488561207914
12.925758892670274,-14.2929657214874
26.62367721553892,-9.455658442084182
8.168615070171654,-8.172675976843658
25.72710025124252,7.110348810491133
11.397776082158089,3.9529397318576525
5.0356924859806895,-20.739623582156362
24.19900992885232,3.950100482272554
55.76324346475303,37.42978100898413
7.708210232667625,1.5907676983352133
46.80980260949582,15.828184940647409
27.66667077317834,6.969408527624239
17.499251822009683,12.105278055087208
28.308487124741077,0.8253688701276949
31.598460213281214,25.2679380944274
20.206384998746216,10.6317309071963
38.245831592939794,20.855593666988227
31.028134902007878,12.12259181274143
37.85640691872686,8.27213821718145
24.832651549950242,13.413082133096234
9.653311762958765,-5.698785301746369
38.03246288560331,-4.669971990591623
27.2261103708297,-3.373538905230196
57.140662763267756,24.26979517069904
15.962410932406783,-6.669524955831359
57.90204984135926,36.572825008246056
46.2256275722757,4.142491046637522
13.252659235149622,11.64849330264973
34.88843868020922,18.06833236220363
43.648715992458165,24.16042138129179
4.83227573800832,12.258586959312218
39.022737625055015,36.67735305967939
23.118604235351086,9.822860984497911
42.78964119963348,11.867697562235943
13.276050542481244,-25.636442542268206
28.784653125330806,8.482436374477828
26.287912828847766,12.479101369274014
31.192952385172248,26.081518083407246
16.121665639802814,-16.502424507083653
52.39090328570455,19.375653935691503
47.504165936261415,-5.741728807088386
30.449493932537735,5.289151590231126
20.068467780947685,15.00172510635518
35.86859217379242,10.578325946685652
30.14349265024066,-5.5900729702695635
38.52108020335436,22.002749772232885
39.234358188696206,30.681659365275472
46.55673561617732,12.308728895060543
3.7944015534594655,7.206362803799534
34.6822595782578,25.554855431612594
18.47840848378837,-12.074096188507145
29.794638413004577,2.8002264566480477
51.31516170222312,-2.223791689314755
47.667932719923556,14.408883010653103
55.805054660886526,30.6541016803207
5.148777826689184,1.9514887680060693
39.26741959992796,32.20772120127538
5.408912259154022,15.456498701039745
12.872303444892168,-16.429828153609066
26.38958246447146,-20.759262743128147
11.767624877393246,16.351392481455644
31.40898181591183,12.878352413203874
22.638252284377813,1.3638586637528602
47.56456824950874,-13.146095127879246
18.567329398356378,2.0367294910720837
2.3446803353726864,4.024303393839796
21.592852282337844,9.483193454994858
33.48362857941538,1.0819403901989872
20.415215617977083,-3.560817929271599
5.088719129562378,10.695441419559396
9.555103895254433,6.618818884707744
58.35924202110618,5.1841065914487805
51.612232248298824,-5.49586689894043
43.661838811822236,22.781603165794547
27.766895340755582,-3.465066803923205
20.93083329498768,-2.0005348847297157
38.88304070569575,14.474589326598721
30.005029030144215,-2.315876987902321
21.28198350314051,15.336786648834265
28.866556263528764,12.932182649027895
1.1974948178976774,-7.2430945710224925
36.780984895303845,3.8660946059199475
26.785156382247806,-7.3842878817302475
17.942272606305778,-24.480076073633878
43.56510587967932,20.40076738151829
44.34719338081777,7.1111341915284045
47.34516485128552,27.522028188653938
43.1301054591313,27.277348087500183
17.224057470448315,-7.687587239122872
45.07854126859456,7.092607469770059
44.037174261175096,3.1878734539764437
50.11354157701135,20.084322980929297
23.636350873857737,-15.417130473471829
14.566528033465147,4.3234821613594105
2.952791671268642,1.9950369102353915
3.7338393833488226,10.715260737388096
31.74112976063043,15.342472098739014
49.39410184510052,11.509722739589492
27.197802658192813,-3.822447973427446
25.175749291665852,9.916906619229913
47.07115931902081,-0.8262882343778486
6.137599674984813,-0.09652611402987421
58.668316514231265,2.163853717404691
50.836071856319904,-3.138185665537746
31.4632615679875,19.421275233303298
8.830270869657397,-12.89226246771826
14.028807110153139,-15.185545803853106
19.31898734997958,4.126770318104593
13.100904151797295,4.308687547114941
55.54608712904155,8.720813483304763
49.99518773518503,0.7751433435859485
10.329986731521785,15.468922126845957
32.58768055122346,19.405381205501683
38.60586700960994,7.8141567342192575
43.883672249503434,36.891043548663134
31.412401869893074,5.785247961765943
46.99591667857021,-1.4761164247306038
51.89442726317793,5.794530405665094
47.44273685384542,6.5842201231226545
55.67407954484224,8.884898828648348
45.04592134617269,12.333603378457413
18.58893731608987,-8.941754255672796
48.10695386957377,19.9468208378767
5.281979902647436,15.788288891567763
54.26599318161607,-17.62946442585679
40.854358691722155,17.020970321651852
18.178016622550786,-11.272370731906614
53.66357977967709,-5.979921339933029
49.730095490813255,-0.9768740447649389
17.561232349835336,5.0311818854726775
35.30027402099222,25.675714013278593
46.08884508255869,14.619989007759834
5.497657083906233,7.541205123654771
3.0949135730043054,-0.028362169375584723
19.275919650681317,-5.432583375209052
56.87812723685056,23.035437907977293
43.171560103073716,28.40491891377111
54.439855576492846,15.202974775612416
4.420755249448121,-21.59041314188144
17.01225088443607,12.734329002164024
31.897056684829295,23.8471880438726
40.58644752949476,11.326904103220095
22.145236562937498,-0.13801881688499956
43.47761216573417,1.7076597962266522
49.14231992326677,1.387715299196333
35.309542450122535,21.273960464814635
11.006427663378417,-3.805802849045474
15.80842318944633,9.917367709317848
28.12512778211385,10.819949219005231
46.84981876518577,2.798936859517589
8.788931099697948,-1.5792870596338093
0.7724236696958542,-23.031266838273048
25.037181205116212,-4.239876919770903
26.88322995789349,-3.3750708574888986
53.39788606390357,-8.13145739618439
40.6438015261665,14.835886187507072
6.306327469646931,8.039822284962792
26.27701114397496,-2.660926280819666
2.6089760195463896,-22.562024731157493
45.61592519748956,9.962934295896678
54.537953096441925,-9.922416507777513
12.258188263513148,24.927165995878415
52.855495610274374,4.951884371149396
46.208559572696686,2.371135389549602
19.566481187939644,-0.7714751665164231
29.539385070092976,7.904966757039953
31.931967437267303,23.93392325484763
28.914711317047477,-12.169320796951759
17.24699890706688,8.842805619610331
10.541591788642108,19.15778967821179
43.033022470772266,17.305276912494236
17.45863418094814,-17.34517656693656
33.705004560761154,35.06950327514396
5.674106036312878,11.8982280704492
30.721750133670866,8.179403775117521
25.441333651542664,24.59046676453746
52.92703859042376,9.91738620669431
16.245401320047677,0.5913104979725297
7.973628742620349,-7.181369763445571
48.250377089716494,14.376919005193947
16.363928052596748,-25.820733191736483
15.468112751841545,6.212816421471775
20.694610672071576,5.362901639968571
34.424642217345536,48.259058705898696
33.04348132107407,15.553049871915642
24.01915207039565,17.73640275122237
26.922252969816327,-15.842675073945404
58.16301499027759,3.311735124351612
46.70225941110402,-2.087949103736129
30.286226249299943,6.979497440858966
26.148849902674556,13.560638797012855
3.7856752797961235,-11.010040044897288
12.83781731966883,-16.6945329286484
8.933351640589535,5.057907316595091
36.554326275363564,29.16272891419424
19.64435134548694,-8.813741728512788
16.385488933883607,-13.09492673294147
57.078959313221276,29.50974080801842
35.31456513796002,29.742214168364526
48.66394319571555,7.584716633653896
43.476002463139594,-0.025621272600742984
12.553356201387942,-3.985905178631754
28.195070545189083,13.96610086900687
16.725704823620617,-12.410749000790089
53.47558658570051,-4.4894277660182675
26.967049059458077,-8.414136599679889
29.44028730969876,-5.782979975652496
47.49740903265774,9.299698930246407
28.95192821044475,-7.810908923530497
13.544396571815014,-8.015191367182918
3.240884584374726,-7.777309711105552
2.38352227024734,-12.29605542296388
54.438884602859616,21.017082521905266
42.3771067103371,8.778385372930199
22.29135923087597,5.1983078758169565
23.234400912187994,-8.201856153645299
35.09125476703048,19.890168093773443
9.08158890902996,-17.469478365843546
42.8124123159796,5.1574195802925304
3.4823803743347526,3.543514068887885
26.44196560140699,1.8630516821898828
17.98497991170734,-20.622077663804877
5.29707295820117,25.844906095257087
13.08007218874991,-14.254333969779967
23.261482031084597,6.28147825571814
20.110893663950264,-15.380563096829485
38.690430326387286,16.235516635024474
53.453306215815246,-3.884981725641154
19.21336763072759,-16.528832736210113
49.34798341244459,6.7939861870299465
43.23233724106103,-6.50490179325859
21.317503480240703,9.865996915804072
12.268694741651416,-3.397040833829955
48.735177679918706,15.256369282396786
42.95336358714849,23.72668167275284
53.92706958577037,7.006211838474803
42.56499763112515,11.381880410768591
47.791084474883974,2.248747660304929
2.5909705040976405,5.892886444676053
45.12767727021128,26.306956769891574
58.31983159761876,2.263255178307123
39.66545483563095,23.519796030026694
39.791049300692976,7.441914627019919
21.630169423297048,22.186577185338667
20.917196134105325,-1.573733653106063
48.43811687082052,10.686880860073838
51.752329277805984,4.686886707521108
43.35633113980293,28.180268572821053
24.258526037447155,9.171166465739127
43.30355775542557,33.023040468119646
4.6413284400478005,8.7793694264245
49.81081647332758,16.191394723625216
10.050860736519098,1.0065137836416946
17.319750599563122,-16.028904935357097
44.91502683609724,17.58059046300005
5.7603821670636535,1.9989660315533144
20.868535609915853,1.0069267390979602
26.808787719346583,-7.484348264542935
39.488904532045126,25.359809708675286
11.666235127486289,-4.492752406169819
50.566539941355586,4.51252025898813
47.51226517371833,-12.108331345036323
31.074053342454135,14.130070290806092
55.05246141459793,-0.006907751375951676
14.115210101008415,3.2218095227311574
29.008739213459194,-16.902692885211863
48.50641831755638,8.1837425394991
58.01408473402262,0.2966857610380025
56.864886288531125,15.292455499443658
40.64917829353362,29.96859446359719
15.163490558043122,-7.968228026625846
45.91719801072031,9.50215191641576
36.31750117521733,22.118460142045073
55.44634957797825,-18.34904655136736
13.7447421066463,-10.017917443645487
54.17242715600878,15.027152930531884
43.399229077622294,0.7678026738158685
6.2239682441577315,19.282838492664496
31.369074247777462,10.123292094937112
24.369690804742277,-15.567588152147279
26.377340303733945,21.162715448167816
40.29244005214423,34.12444486654978
29.107061089016497,6.795950862560726
13.168533481657505,-5.188045272989552
16.97237400803715,1.9755560034044455
36.640129960142076,16.765554345214433
50.624338667839766,-9.889049921588784
40.73020538315177,24.589019342115062
20.545940310694277,1.9377338330223515
44.09177450928837,14.283657686121835
5.721657704561949,-0.8184614583692338
15.497416835278273,-2.9859906015320017
53.15326594747603,4.384955314645195
31.473244931548834,20.100509256968415
24.442224511876702,0.17699295276442922
44.60154751315713,2.7281158528697205
59.63353402912617,18.94245001150005
51.12150728702545,-19.85005647095258
18.45322981942445,-14.196231125761742
52.191351391375065,-6.548125582133174
57.242859159596264,15.441444196364424
5.365378400310874,17.365774748247553
20.18859039992094,-21.776875533743215
59.856221694499254,1.664002462512105
14.027842325158417,14.296869930579021
29.733259370550513,3.4999614348321986
58.77707883249968,-3.279528447353659
13.06455030106008,18.474267740122052
24.224592712707818,10.102045037448683
26.055561010725796,-5.042453622636786
23.83714159950614,-9.687536276637427
10.398217379115522,-5.112249241137301
3.0343600641936064,28.602106731699795
48.766206158325076,14.62814977963199
40.61853339895606,29.77919011470624
9.722685017623007,-4.349633222848798
12.335907951928675,-15.428312184639157
0.36141563672572374,-1.7435462161789466
2.7643255004659295,0.8247848016302393
47.32288773637265,-4.8730299161132304
46.17533365264535,8.611289177092305
2.3473949963226914,-10.805482510273722
40.169957634061575,25.481443487746382
54.90244959946722,18.3790242560893
51.349215391092,9.861958981224356
33.36979849264026,11.625809671094379
6.505821333266795,12.246447760229579
13.473662347532809,-7.057891469098875
0.7925241580232978,-12.533513963426643
43.55648118071258,18.756541988044688
36.13627147860825,18.52864736910562
48.64028310868889,17.836316425738538
18.460623384453356,11.07091695098668
13.33934762980789,10.542072276751037
9.602428316138685,25.100222699956355
44.250398240983486,19.20223504922111
5.1668733498081565,9.288218663263908
54.9212977476418,9.798954697847394
3.179349582642317,11.557362702227481
56.82754630688578,5.557816811286878
14.19554850552231,-6.397665154338821
42.05733000766486,9.8483920918471
8.520288728177547,2.9059110245438893
38.58802248258144,2.9491278025889045
9.328896445222199,-10.478036401787428
0.071779265999794,-10.201342755807929
51.571406736038625,2.143244224874301
53.25559758581221,-8.076743878329115
41.9059589272365,-7.263610253645179
55.00254385638982,8.499807623720923
47.41542831994593,14.11971654895002
49.770274395123124,-7.638783458871069
29.313693358562887,3.7337467960619826
46.563775883987546,14.440389759447244
43.08054418768734,7.614603887895745
10.105286766774952,-7.922160241365734
37.880946937948465,14.980229494108446
5.828856979496777,21.890311916014564
18.238618508912623,27.042335776036104
3.1681349873542786,2.317490631392243
47.81320234760642,-1.1471841608138353
37.99591479822993,28.92860186793883
37.31076606083661,23.695607111946217
8.473137714900076,-21.469483734455515
53.786978870630264,4.841544021596673
53.125967318192124,8.654668157417937
47.31159208808094,29.349891983083026
11.081661614589393,1.5338458035549944
35.171288922429085,17.73749468770522
20.288115427829325,-8.98943291550264
29.45364577230066,9.266466814249862
50.27994828298688,-12.220856016860463
39.41659269388765,13.942248379588648
56.0054531134665,3.994902100040065
34.664695551618934,34.52913224913341
20.65546929370612,-13.923282313617996
9.57077868282795,-5.764735892876947
4.7175250528380275,16.42836915721925
25.1344510121271,-3.984523259529996
21.544040143489838,15.370413791383626
28.933655926957726,-9.515319717419757
36.124866027384996,29.59319426817401
37.52263562288135,12.76173208077937
58.03126723039895,25.985510822842954
16.974707976914942,5.704575210817427
54.987804028205574,19.500844159207006
36.17504741996527,12.950291308006111
16.753021236509085,-25.36553485255065
27.80050136614591,0.64396002858683965
54.11706007551402,8.238434520094959
11.866592299193144,-5.022191743114475
50.28096034191549,15.793589540170657
45.48162414226681,4.5815976917435055
3.7615744583308697,-4.639580650299923
2.75598275475204,10.188550518454118
41.43319917842746,14.540418253108399
0.7193953776732087,16.346078339699304
2.8474470879882574,-4.940449196864325
16.183675336651504,0.25914355430631986
24.630070771090686,14.939988752372344
50.324931177310646,10.63521689887865
18.309645163826644,8.579222675506594
48.173442324623466,31.67696951551817
20.410717455670238,3.0449495540519766
48.43387008178979,32.93819412718454
2.4364308267831802,-20.594119780855458
9.270620523020625,-20.339654085140317
23.881733533926308,6.201878872803807
52.5345199322328,-16.09901254804361
0.6505119474604726,14.141171113038133
23.392119244672358,-11.865908081833325
43.92479137983173,9.747887269005808
12.482402161695063,-9.06877916530754
17.178869708441198,25.660339779271723
37.81419962178916,16.725421000947676
1.9451986765488982,-5.914829418453647
41.63203074596822,14.372796492481424
38.006758857518435,16.828078945045384
15.587778277695179,16.570002854011094
50.95902632921934,24.426341581580928
19.364981562830508,-6.512829873949714
30.013860873878002,12.977986776434769
9.62156054098159,-2.1324840714005986
29.30617838166654,-12.103563362500164
17.301705633290112,0.36756421227454167
36.744715576060116,21.116449861592848
53.00620418507606,4.155446344904996
53.10923392418772,17.644778129281434
15.385278188623488,5.192306428461057
40.507895797491074,0.9912570593454735
5.397916054353118,-2.319084100703317
55.496268197894096,24.14693346893769
19.708272577263415,-1.9112515232185907
56.69714753050357,11.276289286553107
38.46461417153478,5.228108873229733
54.4620690587908,-5.825064297755752
28.20825571194291,-5.317303129237713
57.468145340681076,31.40658785516112
50.04711347166449,4.830148820277115
9.681533589027822,6.814610465860861
4.77814398240298,14.241997024722854
7.178782210685313,-19.50547495578128
6.043784776702523,-11.192545986119935
41.290766769088805,10.806064164250374
4.029836347326636,7.903311418221193
10.170583203434944,5.507291674598349
48.24128304608166,12.635663176028618
27.407818883657455,15.490006900183854
42.446665400639176,21.76121637629844
16.120774056762457,19.311605252094857
40.011458094231784,16.162417514271155
10.663661467842758,22.53433240013871
30.732687134295702,-0.8677008489707161
14.835793348029256,0.8437196909068252
1.1812155554071069,-13.532318490693209
44.855481181293726,-9.686569649200983
6.2249527825042605,3.4586839460898333
42.59728889912367,26.063072031101385
54.846661230549216,18.44321098368529
51.65548911318183,8.478399008948848
56.58194042276591,32.69194409627627
49.43656488787383,16.40930042775364
15.491645336151123,-2.882522279832065
14.853638391941786,-7.768186666896014
38.6048937169835,-9.701978885381518
58.659014529548585,-5.180346263161503
0.9488075645640492,-5.726572386898505
10.750934458337724,8.77411208410637
43.98123830091208,16.030055932376882
1.3746442878618836,-9.43385426621659
42.63552587013692,4.1136426490579545
51.28231535665691,26.535972373201805
49.626782443374395,22.605459605230916
55.11993221472949,-7.337191219995887
44.35862779151648,24.556032859002993
44.57475238479674,1.964623759914856
0.3730331500992179,3.5857819082311426
3.250299054197967,-20.70238462725546
13.754105935804546,2.5946960300494437
12.18115727417171,1.853421136964254
48.78111025784165,-3.0182373802902323
10.181229170411825,17.027026780419963
35.88455388788134,10.763480371096653
1.305570169351995,1.5994359122506854
15.314695299603045,-14.220571035987899
32.65279061626643,26.79478501321657
35.74156515765935,8.969123404062572
16.31302253343165,-10.699322697748789
9.276378024369478,-10.279764117172341
16.071784025989473,9.218837626782852
31.210094424895942,7.440817332963509
4.202056531794369,9.519139829263164
34.714158992283046,25.473828791164905
35.249647493474185,28.297040329643572
23.2990636350587,-9.42786472946933
35.66789215430617,13.161486064690486
13.716435902751982,-22.561650840760684
59.22601629048586,9.513840485215551
12.640498196706176,-8.0387619747743
38.44595960341394,47.944604318785494
49.56323491875082,8.70017010748155
36.26561651006341,13.66571666047821
38.59940894879401,20.4883336328327
6.26381762791425,17.66089141871656
24.53955858014524,16.550806572039097
35.64124104101211,44.10175742116839
55.443838094361126,20.959343970845204
33.22586559690535,4.734084078091579
18.68143185507506,-9.215640744426711
8.856812473386526,-8.271575559616501
27.866117362864316,-12.033939851975534
58.41259588021785,26.9155498950863
1.5533653507009149,9.023636235833873
6.8830460496246815,-8.852473371213277
9.422510848380625,-14.305390133802671
44.535650848411024,-8.60098613682214
19.02206095866859,-7.342971885925079
55.14846579171717,32.03511825400989
12.341459454037249,-0.19136234417772657
46.120285908691585,-1.0859299704137015
58.3084138808772,2.384058449734801
26.861646082252264,-0.663876130701448
52.93888743035495,12.346443881453158
14.537664377130568,20.120955758093363
44.599624229595065,9.738273046210514
0.44667909387499094,6.862696007952614
8.835038775578141,-23.047368152622475
39.02721435762942,-9.725693146506732
15.805373336188495,-12.575579555478633
38.40913143474609,25.65729423577455
27.353174979798496,-8.990630808146413
48.78661394119263,6.543038187499507
56.56377074774355,19.83731903172113
8.628425686620176,-18.04840919046833
32.160126375965774,2.401620736358648
50.885269534774125,3.5759900958887205
0.569525957107544,-16.624092074830365
20.321378870867193,-1.1674057880809146
17.31798968743533,3.1495239430206565
37.40176075603813,16.535499080271688
24.978190222755075,32.51257766897842
21.782705085352063,-14.071285294356215
12.583221117965877,-14.57353368590845
26.561777447350323,4.2965669427904
37.76937018614262,12.49932442776069
13.094231109134853,-3.8059830755745434
4.5346614718437195,24.802260658611957
56.512918579392135,-11.08063793084187
48.614138471893966,-30.284312732479794
55.502178613096476,14.22254628811907
57.4307651957497,13.707022315034585
4.849953688681126,15.140308893935106
49.86906314268708,-5.161452666837839
47.03445333056152,-5.237699454670544
5.015266360715032,4.150271588965943
1.3923025131225586,-30.495528855926715
49.12659203633666,-5.569612870752373
38.418814348988235,10.653718089713646
42.75868948549032,6.226744863427893
8.588052238337696,-20.95801835155222
3.631137893535197,-4.767993665071666
15.541008403524756,-26.904946628921177
8.581415014341474,-3.355876601267963
12.922331378795207,-9.70412384948099
0.4384069377556443,6.179472711438245
32.78857862111181,12.902145624885783
3.3140924060717225,-2.3658027149018643
50.84043242968619,-20.231306352468142
51.074565751478076,14.049679976930278
57.696292949840426,-4.76811176206146
25.687655727379024,-9.818055663697034
57.913971743546426,3.773679093121018
12.440767418593168,1.1502846715855362
42.831861628219485,3.412067725657046
38.8971198303625,45.46276996817342
9.893959374167025,-11.72841694194282
42.4302640138194,15.516707562945463
33.2628783211112,15.570125333505029
29.236529585905373,8.57253068551912
44.177817734889686,20.376741382954947
52.93409226927906,-5.013129732281302
59.919697442092,9.197776505017432
17.484047384932637,-0.28753405687372013
53.999518286436796,9.768603085295908
16.245904597453773,-0.5859721197649195
14.872801001183689,-22.075757791359706
22.885006950236857,9.942955106636589
29.868667786940932,12.82235081098987
45.11397892143577,25.809503936340093
15.789169524796307,12.239543262028064
52.54551004618406,22.19970390989512
54.69800947699696,23.25203669782134
26.06540998443961,3.111394021311487
22.78882514219731,-2.437717504899649
59.570077252574265,6.798232084481281
57.90413711685687,-0.7988928187504385
37.910160049796104,42.78203906588918
57.16462971176952,17.65383705168307
32.309752805158496,41.70651873831882
28.413180545903742,-4.313604398118187
2.6383157959207892,2.225131741014274
10.06840295623988,0.11273322687955423
45.673621692694724,-0.43181516144193743
28.28732566908002,-16.270247802460123
38.22953869588673,-9.96192849214253
34.62469892576337,47.57806223618614
10.291804731823504,1.6281748626005013
52.62136163190007,-5.37773084959438
5.7450400572270155,2.0020350644226625
1.6859149793162942,-20.087587875801873
14.119981457479298,-0.8952643584907776
31.525464858859777,18.71845584742529
10.172045161016285,2.710149835164175
7.889916594140232,-24.496604617294615
4.25988073926419,7.8637002050809395
53.93420785199851,3.306673557739792
23.793046167120337,29.466680991329394
11.127114440314472,0.5825578348337306
34.564982280135155,38.54399774138261
3.6880078352987766,-19.861310150787443
26.10407997854054,-2.0414483825471605
10.606470094062388,1.4828916102665168
11.769565190188587,-3.728158519275917
12.924806792289019,-5.919654925663506
44.86624811310321,-3.7962619656150416
57.69761397968978,20.29434264793899
51.19568130467087,-11.52571240350952
11.71595312654972,-11.52080537952866
36.03985126130283,20.085326888412993
23.6607116041705,0.8494615422024236
20.73686482384801,-25.409689634371343
3.9749829657375813,-9.268259544390625
21.66550829540938,6.448881731558238
42.37120389472693,-0.38662330347532503
24.542237645946443,-1.4125594636896601
0.2651273785158992,-23.65485041482257
48.00148179754615,5.065409383433549
27.696825563907623,-13.639666954378741
43.48696998786181,23.409347067330607
30.474915141239762,12.59423829302932
39.19422458857298,27.55745946875245
44.05441259499639,-7.038586678502398
58.84116414003074,1.2440753223794978
31.82902755215764,23.87678471029593
56.420077783986926,-0.648093760377467
16.464155316352844,-2.589191665545314
50.68700825795531,3.516482261531218
25.198247493244708,30.083784694300476
29.697800637222826,1.3023622966852817
5.390764558687806,16.744283278528663
0.660857018083334,4.401370949457327
58.543771603144705,8.760166237012688
29.536203439347446,-3.1598398311973233
21.301777325570583,41.297868131897985
43.54186100419611,3.536421976351595
2.5932680815458298,12.04041874711988
18.58955731149763,23.628650695571288
36.01269967854023,22.01427241042125
10.730436611920595,-0.4875100050149266
45.10631114244461,0.028991024327520876
53.09205997735262,2.0523146776613848
22.629606421105564,-0.017044499774623877
20.227703489363194,-9.182350584468121
14.268585406243801,-13.424502509053527
15.347199090756476,23.157666227994607
32.354233302176,31.96352245849448
16.75685366615653,2.4534924335649073
29.926540567539632,4.796651288193345
15.644586039707065,6.589896868508732
48.651194111444056,10.489746284450792
40.0380020448938,10.839614985988508
54.03022850397974,20.35545938855846
12.743825633078814,38.987164328365964
55.10930890683085,1.285861511473371
51.16599889006466,12.524116992064688
23.72692379169166,8.732570113842291
54.05092871747911,8.119948263234354
55.371388024650514,35.466397321085786
7.266653794795275,5.698447695190992
57.26091890595853,13.28367103827398
16.124831889756024,1.6457777362513828
15.48829942010343,-14.830439157651876
9.06000042334199,2.2989057607579957
28.88047416228801,-6.073034634177549
24.918788764625788,17.39346730682857
6.755443783476949,11.720240951697535
48.83828706108034,-1.7761088368187359
45.86573515087366,4.02115182506202
44.83479390386492,12.668353776504627
7.158955880440772,4.001166346984135
32.5043433252722,26.395379207720204
36.444601505063474,31.525104620598057
42.42874121759087,14.204167940826354
21.377763245254755,-17.084608402325685
30.322279720567167,12.068512252090958
40.11132405605167,28.025606250740545
51.75649843644351,-8.000701540839419
19.334672070108354,-14.312942046300702
57.69961486570537,11.036577561529718
46.444961191155016,18.339730376181752
29.100082106888294,-2.435487661578736
9.377534450031817,5.967364230782703
30.918624037876725,15.223305444600067
17.956898189149797,-10.803429660319155
35.32092451583594,1.6071002410335922
55.60230877250433,4.6197681675492035
38.96781119517982,5.132181846352671
43.14813750330359,-0.691702769207236
17.57868104148656,16.996302324765722
48.849032814614475,29.965125748151927
7.92453910689801,-4.460370724033785
52.218250525183976,21.915941785801568
54.52866160310805,26.912105112591764
39.19608294032514,24.493693326225696
17.760669831186533,2.7551401884865037
46.1987681966275,2.7922167946677217
23.214782997965813,7.064421845791075
8.957037781365216,3.1321925394161814
2.0260452618822455,-10.288561302619957
31.098479717038572,23.61318891639506
7.520437985658646,-16.597932831087885
16.88043183647096,11.578131340580295
8.604147811420262,-7.39215162015712
9.531441181898117,-0.24440097141602923
35.43926681857556,11.328830300496406
5.325111178681254,20.129210309844336
40.063649620860815,35.718562489794834
17.10509814787656,10.69509778907427
2.772767124697566,-18.5261101338538
22.29263835120946,1.803534325431476
36.20338034816086,19.818172511061544
24.33741663582623,-3.981113470062297
40.25870069861412,24.581591739333575
45.320739559829235,29.1334280622892
17.668025018647313,6.319834393219881
13.823808222077787,23.48071734746309
38.56961811427027,38.08592989063855
32.34161074273288,34.408499181860954
11.75608173944056,21.673441197190964
48.579251230694354,-10.200224138067696
27.041274975053966,23.546377860212953
18.998925536870956,-34.65447942133379
25.327131869271398,13.919542797958414
24.092137715779245,21.186653588691204
55.18347440287471,-1.801674936606144
57.10715504363179,14.43964389808114
46.25677511561662,15.317183867211645
56.91541397944093,14.979435652459074
32.188793546520174,23.308620380825804
35.77768139541149,17.90421743861048
38.62616844009608,14.0989852740543
9.984365408308804,0.8999402818731279
50.24137885775417,11.050499498261779
13.603098699823022,-8.548269870227617
23.688795226626098,-12.960609251471134
32.578467009589076,8.785739742782498
45.72632359340787,4.855258623040208
25.82755238749087,22.97224368062596
50.579706905409694,-0.9670283857476587
48.91800915822387,11.457915277559536
29.91486616898328,6.448589304852784
9.817998488433659,20.4402715044888
37.018839684315026,6.428495858840234
21.06602073647082,-6.694564956119362
45.20685716997832,-2.4308557621122997
5.784286600537598,3.2011907882018753
43.16736747510731,-7.553063272767179
20.457070358097553,-8.721720364811489
29.457996441051364,-0.8290167609815411
53.05597128812224,8.949014411602272
19.621162111870944,-11.199821013784508
36.056843544356525,12.414234912798216
12.940105651505291,4.707684307541969
0.7651771232485771,-13.516765877515
50.715291243977845,9.669686846509618
46.10359339043498,23.283098817625362
2.090422916226089,15.55506819942413
49.08735794015229,1.6488353589632583
46.99513702187687,-3.4143001986500696
12.046250347048044,-5.8895316581297665
25.304232886992395,7.3053872340735015
35.05639513023198,-1.4357427066330963
32.56427676882595,17.74722094256962
26.21297298464924,1.5746614164116606
45.56576485745609,1.2378156025412306
49.99830003362149,24.09885056278119
53.40787822846323,-0.85979776189232
35.07306563202292,10.652816445476848
15.326839629560709,6.578284550702348
2.183785205706954,4.863308132998353
11.018043360672891,-11.72892211897223
56.67277322150767,16.358691749366766
48.500300967134535,0.5662063060301206
58.74464347958565,22.434705057569296
8.02863594610244,-0.8923587277982197
37.33964684419334,30.926990705027357
34.53388649504632,6.000777344988496
20.456301723606884,4.32260838861833
44.08405751455575,22.390080825429497
52.10051641333848,-2.218023391611575
11.194286369718611,-4.855682286814126
17.831993135623634,-1.639713005099394
44.72357471007854,21.334880818020014
59.15954813361168,5.465161620263177
21.30545223131776,8.077494597506586
19.62807651143521,4.238024465296331
35.25327048730105,28.30539714006548
55.70995326619595,16.2941022184313
11.901980680413544,-3.68837708170177
39.58700878545642,17.753163222861826
18.959351680241525,-31.82707321516188
41.16106110624969,10.726677950732293
54.287560251541436,11.895143573117553
38.729642098769546,12.516415818730136
51.79286140948534,6.9452251269703105
49.636465036310256,-9.15336124661708
51.765438448637724,-12.210824953944316
36.97072918061167,36.428889822896494
14.86853567417711,-42.763827419029056
31.20243856217712,4.071875767315481
26.244221474044025,12.283708464490964
35.49635207746178,19.86280781984514
28.387476727366447,-6.710992309215975
37.2380599938333,2.8890766186729113
22.76946966536343,-9.508960622306493
29.544250066392124,33.856159560977645
4.456787877716124,6.475394684487585
49.1187198786065,-22.854615943693055
24.789310335181653,14.130662093398051
30.7689836807549,30.45645003140861
4.742106827907264,3.5913320028734583
27.911910298280418,-3.3856218613692572
49.98025139328092,6.000293796018431
34.321600128896534,10.282375678806043
12.347483863122761,-3.3093335717567114
57.50376063399017,5.393786109685188
7.18768872320652,-25.003849623190252
50.6101862154901,10.001432364202971
32.515316577628255,-5.263465481034785
46.1594194220379,-3.9413725182023356
43.05043953470886,9.176148057129058
27.636837204918265,-11.617127909031488
57.46011293493211,7.854746303977889
40.97695413976908,3.181093217335466
50.589665290899575,-1.0036826287793277
53.97451027762145,14.829351558159573
12.496888618916273,21.704624027925558
57.50167523045093,4.406311876835145
12.804523603990674,-10.937611001446024
5.854629683308303,-3.1188936561454534
57.54272842314094,8.089301798460292
48.80490152165294,5.568844324437419
29.67618904542178,14.972607941596786
7.764174439944327,-5.008334408657614
58.2166787981987,34.66347501886601
17.805562228895724,-1.6816319460097502
23.992085410282016,-12.647676394842149
58.29538298305124,33.5909043618765
6.288801203481853,0.327650687034268
47.30780686251819,0.7303890422466175
34.89006847143173,19.630920759949458
17.34090445563197,-21.581863817155302
24.721621423959732,-1.6778440681142421
52.65026195906103,-7.252129386361643
39.894412220455706,25.70512728995896
37.207135506905615,21.714652020642458
17.986948513425887,-0.2365846919866878
12.89930496364832,4.502635981923707
54.57776733208448,48.817790330823016
28.288768446072936,-22.89607703056048
40.63591854181141,26.07104790012656
7.1142517402768135,7.169835365924438
11.953572719357908,16.828289227766724
26.64938269648701,-14.98365232165813
53.86204720940441,-5.917629368623212
55.18609974067658,20.435758927523224
55.13973901513964,-6.85186681924441
7.390459505841136,-6.831889732513933
24.734093248844147,11.069879295804359
41.965129799209535,17.504034077149935
31.33750530425459,-17.28534991383196
39.77537903934717,3.0446822975036127
1.3361224438995123,-22.413580803466743
53.61765443813056,-5.500378488109938
19.538924186490476,17.262932657796647
39.967179098166525,37.274739236534785
38.24731970205903,25.366457674906478
45.649210908450186,-4.369702263479706
50.588041841983795,20.331268454029455
27.9142275871709,-0.5065693231014882
22.75041730608791,-1.0009360288850802
56.863199807703495,16.582341166291187
22.15121837798506,-9.558708886934125
47.057909653522074,21.416059641568882
50.12108885217458,5.878029287285035
42.32155040837824,-1.3117260117025396
30.359664615243673,0.3218240766146554
42.564064962789416,10.10585574151256
0.5719397775828838,-2.63547381887066
25.644328664056957,2.1796474201313107
56.53611097019166,21.222037795869845
34.81182290241122,30.714679541256654
35.65616729669273,21.754434334676176
31.03332908358425,-10.537570257897517
6.087848148308694,-11.839130436325316
58.12386110890657,0.37944768131360895
26.605016165412962,7.224203519205438
4.045619582757354,-6.856867357000678
31.794167845509946,17.957614226148927
37.792720729485154,12.362490872050136
3.6697752960026264,1.706948976573778
22.393949828110635,25.704911711263435
59.2443070281297,27.363981723938238
21.94523273035884,-1.8895563491991179
6.665444984100759,-11.39203342641774
31.92848929669708,3.115731172309548
7.56504544056952,-1.5840334221636017
22.504965313710272,10.01251086945468
25.825274507515132,-3.7707751361491195
13.77773982938379,6.807089964521166
42.04792055301368,25.873794223949005
36.84928083792329,26.40974462612236
36.23757214285433,18.1587526721923
22.71131037734449,15.41119069554195
18.71802920009941,-9.107320406539275
54.14159752428532,-20.032977548046567
4.728027563542128,-18.333251183098227
30.559829100966454,13.356380600262963
58.773469529114664,3.5122874815097163
17.45507027953863,0.1327950860319873
34.76296540349722,22.351835674088953
39.04273685999215,20.74406349253046
30.130836772732437,-21.839825723278384
14.301006915047765,-20.582511504550915
20.702796676196158,20.20597227439483
43.264981945976615,0.6971811796750185
11.409647413529456,0.29708325260719626
17.629797561094165,-1.4310533245554635
28.805954377166927,-1.3015855426310297
9.400582714006305,-9.91163924559413
54.32215597014874,-17.778566297898806
2.1169934794306755,4.7425859031286635
58.052618047222495,7.336806267791832
33.79432150628418,56.974241584225496
12.76437175925821,-21.45743003854233
13.531570360064507,-14.096473449593732
47.95871605630964,12.345568130220832
56.76232933066785,8.488420821969843
24.50260349549353,3.200764522375069
26.288049621507525,-0.9069807302245625
21.13290723413229,4.862919671262669
56.18916698265821,31.647424231527673
10.123088238760829,20.392029314083516
9.138424750417471,2.3244190155857347
18.556112609803677,13.399454852045842
21.6596822720021,19.980046924302954
3.771170969121158,20.458876305721446
32.32643865980208,-11.369977723696227
3.7317097513005137,4.732682699240216
0.2808142639696598,-11.422787783583487
58.08628095779568,-0.1524300995362129
46.20290277991444,9.69187969274845
24.893549219705164,-3.0376213572668886
24.97831712476909,-0.6299578588964184
16.165298642590642,-11.59454210283414
6.862076302058995,-12.91047556947981
47.18203838914633,24.17975054583739
19.36595785897225,-3.1234429550964196
43.65886881016195,31.332766266058357
18.71944743208587,-1.5126349589047834
37.37335595302284,18.263454380044227
32.92359166312963,14.436884376277632
46.046522771939635,-1.006390588013348
48.844752134755254,-7.801486921301372
34.07766547054052,12.300374741852238
34.54728136304766,1.4686638034570265
34.991557910107076,36.259794719494195
49.0579370688647,16.826844924365947
27.467980817891657,5.214081795047484
3.400100413709879,24.640452777355772
0.7961309608072042,-27.121092123362942
26.52030112221837,-0.7516619028713849
38.65918924100697,22.879225088487527
34.014018550515175,36.14446411705977
9.57997280638665,-2.2465981663707826
2.2765338141471148,0.011699790304954938
21.179652116261423,-24.080335423871272
36.4241059217602,11.295250032258256
5.083597004413605,0.5802495260936302
59.181211022660136,7.5452674949777725
17.84429883118719,5.030942431177954
32.52586358226836,11.682438528957778
59.315521395765245,-1.2365694323740328
34.85264517366886,23.951449057006464
34.58530280739069,15.3176260043968
44.27618290297687,3.2722596783786244
40.68677252624184,6.085756644623787
33.105202191509306,33.81426626475578
5.854274556040764,-10.368048542576974
19.057380580343306,6.036365823176274
57.38095408771187,37.88408341035325
26.251741745509207,0.5058244873336364
59.65270496439189,0.9401358369344326
13.953544646501541,-9.173355216948217
28.070429228246212,-17.303436040138244
31.971862600184977,26.98015598024898
28.04462683852762,31.508717000986096
32.801214968785644,26.294558722861296
35.66503034904599,33.37945993009596
11.019669910892844,-5.256465554783406
43.98075048811734,6.6817294837927586
43.36869327351451,11.839465287535877
1.339579140767455,7.718812247644052
1.7819692566990852,-5.223352205237375
29.97900165617466,-15.543323283457877
44.409821424633265,14.4176398284211
29.22902339603752,-25.520099480220168
7.178001492284238,35.41365017475409
18.624714268371463,-2.778711872164176
3.186224279925227,2.3381188146979692
33.927682056091726,3.98704265523126
14.089935002848506,-34.906463119960314
31.128294286318123,12.041301984750271
6.407267362810671,-0.10124079043482426
13.722136002033949,-43.80053008707898
39.93976816534996,14.716564477824264
20.757050486281514,-8.28147642401544
2.212302004918456,1.0268062232193511
39.380232500843704,14.573367991725979
37.50450731255114,16.3943020337357
40.98720217589289,0.026969512017473107
20.687441448681056,12.99092164204301
39.039470152929425,14.000148954898084
6.452797232195735,-5.730611721232709
56.93800535984337,30.497572145363662
58.38099575601518,17.87743527328888
57.000345080159605,27.209174040396192
27.285271701402962,3.568677553835887
49.80239384807646,5.160117214186479
51.57965739257634,9.418424184013558
25.188776962459087,6.886946306153415
43.17493031267077,-13.642838755422705
25.11478909291327,15.168405589490035
15.937619679607451,7.463776124760124
24.223060836084187,10.10590143588735
51.30131728481501,-1.740267000764808
41.28340383991599,20.42850499547073
50.71479908656329,-7.351978550474129
59.36565450858325,13.238040820807536
25.247684586793184,-7.944612566653207
49.226557784713805,7.268441186377313
19.48843214660883,-3.6404512622551426
37.923170858994126,12.633048151637457
33.98111696820706,17.165951078283094
1.1728059640154243,-6.878325130758158
22.777868332341313,-6.770055779935571
46.762904673814774,14.008989850441253
36.66992307174951,8.619551802498838
35.31430647242814,22.379485434823223
7.231699372641742,0.5793699865003958
18.105824603699148,-2.0708329379214843
17.18071339186281,-14.044939736843524
18.515994655899704,-14.267038879423069
24.29584721568972,10.41584535353934
1.045374870300293,3.447875914082597
56.23093487229198,11.332600764113566
32.186950142495334,32.18303335613274
59.04871499631554,15.31518055549855
40.04062760621309,3.3490206707145465
0.48567943274974823,-21.93920884876575
38.00301749724895,18.77167631980374
49.4373953808099,6.241894259944885
36.42475322820246,21.928625624165278
52.622981923632324,-0.2231815182758934
52.55200748797506,-2.8851406272984903
27.204811200499535,-14.125397305744668
10.868912218138576,-0.45998802194493393
39.990287544205785,23.282955776919465
19.220363683998585,4.105798898857686
5.062128687277436,16.4580122878727
17.477134256623685,0.9899478054748145
37.50209867488593,26.588447374197287
34.533982649445534,21.735541724811572
5.742390942759812,10.512578565400764
49.23372048418969,-0.08978380028769717
49.97978999745101,-9.074970543385515
46.12436894327402,-6.029427336515848
39.378957906737924,13.926204179731897
45.11264508124441,2.03709158372678
22.817230224609375,-8.801288131429946
57.12549139279872,4.427201422783819
6.893632197752595,27.114493628511052
56.77093350794166,28.356921179033122
49.69773007091135,9.882364036887411
50.93216223176569,3.9754552420782043
54.102583075873554,0.5412869863904533
55.754589065909386,15.37189952004016
32.54522867035121,16.95951024082415
15.543787996284664,10.00381080869843
56.0058685624972,3.621127105306824
18.988951281644404,-8.353710896958297
30.88346059899777,27.99517919420391
31.90937594510615,21.11192045008888
41.763484217226505,-7.41511306875125
1.6810298943892121,-4.341921373275129
28.020620509050786,7.735497960244508
23.771822419948876,22.94644369869944
18.970949579961598,-9.57166636833785
55.10330416727811,30.77482096807534
44.56562157254666,-5.091650603854397
5.090174241922796,-2.415482208729771
59.35034378897399,-10.252862161830539
47.53696757834405,4.406984380650349
10.422553550451994,13.85808369692706
13.498546569608152,0.282310460354509
15.245890812948346,-17.329148575714115
50.21138511132449,6.129199885945615
13.863040558062494,-15.020212322124253
39.79085862636566,4.215329320625919
29.354964760132134,7.563700491166851
4.735084734857082,1.7373245435110949
32.943238662555814,23.87022913188576
11.157402209937572,12.048930917519748
9.196359473280609,-2.2006214832026867
16.187211549840868,17.483393593767786
2.190655474551022,-1.12268849070513
54.88373613450676,11.814656995001469
47.62205514125526,20.908532151070048
26.711690425872803,-15.159938047904387
45.886008949019015,24.91750485574597
9.12919036578387,-5.52164484469853
8.36662863381207,-3.1090331233237274
50.350802605971694,10.571654499161395
16.294096098281443,-3.0674860057183717
24.817632171325386,1.4450813062034378
57.83077536150813,7.644778885030879
32.07397491205484,42.87187139165363
38.657497158274055,18.192615565837887
43.99123099632561,19.867274522573226
24.46317319292575,-23.236538831424024
4.387676096521318,-15.642497818310584
49.375211242586374,-22.091460042439724
18.695939239114523,1.802928864459724
10.539377834647894,-6.2550285587038505
51.35137931909412,4.129962803599916
10.404865024611354,-0.07476212073899102
51.93200598936528,27.92995241421917
24.48255276773125,-0.2663880255026475
17.116496432572603,20.470353898728636
35.32303099986166,4.418114383744326
59.381524035707116,24.368799063992135
14.423040566034615,-1.5180881110480984
43.64147366490215,6.470901761395096
54.80675695929676,7.643278362620288
14.965731119737029,-3.688885983107348
18.510243706405163,1.4544784753629005
1.530138049274683,-22.290094074812487
4.870986104942858,0.38558486749348475
32.85653344821185,16.960352474479812
21.982067339122295,7.419128462669965
6.435812618583441,-8.979925407683897
55.82721970975399,-6.588641326793308
44.72176120150834,-8.127809891801089
44.46975011844188,13.693063290190164
26.041303602978587,7.46363161749538
42.91986821684986,-0.5703109300395397
51.16249546408653,-4.100689850827354
34.416587725281715,20.392646500929196
49.83295503538102,17.794025172475017
22.965889354236424,21.897395070520158
17.45688800700009,1.6308629731551743
59.53192981425673,8.567134105275287
28.518028473481536,-4.850584531702145
6.9860224379226565,-8.204117974901452
54.933673781342804,13.451384146719736
0.18938664346933365,2.598185592173751
36.068606595508754,8.171567240205816
54.67584934551269,42.3659670297084
14.743035351857543,-34.70388038390756
12.549446504563093,-1.0770000920401432
4.873418128117919,23.78386723809879
9.087107037194073,11.80563184507069
22.896270272322,-15.567295629184244
16.67909919284284,-16.228482603050697
50.62096537090838,13.30987263609208
59.091310668736696,-2.161417951198418
22.350558880716562,3.8193498461370146
5.515711717307568,7.845332954788425
2.415631818585098,5.9283960351958225
37.35670370981097,-2.8562924660708298
24.00887919589877,-2.4053408086272814
57.686255048029125,12.102661538326739
17.811321965418756,1.295689257747516
24.112852094694972,3.7502348974266564
9.371800739318132,7.469476180820207
54.92149292025715,21.486813087060682
9.651641249656677,12.17873070033153
35.62557626981288,19.405160963926612
48.99877821095288,2.509298043796285
46.31702630314976,-4.319228978099037
21.03794562164694,9.007084000565783
26.288714949041605,-4.163041090245478
48.08182974345982,-7.803065320180572
53.674674639478326,2.636556876528817
47.59515162091702,-6.764985978709852
48.49309465382248,29.42610392309157
57.0943090505898,13.142317187801279
27.99707264173776,11.943528801988942
20.06828480400145,17.328855088468295
55.421492513269186,12.001917298375204
8.069978035055101,-6.380393121709966
40.56610220577568,-6.447937160843761
1.2150454614311457,-9.825830546321718
7.352047492749989,-23.71751024258105
10.567123708315194,-3.7121010626202224
22.413838729262352,8.54620230484289
32.40940582472831,3.3936662500592227
26.74822797998786,-16.415550713002915
21.976091810502112,14.67470391184781
51.32638205308467,6.877910914551167
12.28865307290107,-11.513060191844318
51.65917325299233,-3.026399191915514
29.020665418356657,-0.20679830087452333
15.378849604167044,5.631580455455541
27.50559906475246,4.246267614652845
55.335930213332176,9.06681835908126
58.03757056128234,-0.9810568677713771
38.41057037003338,19.31181286629448
0.23804592434316874,6.689579539285738
22.096609608270228,-13.688895444049454
51.427153358235955,1.8555492070751969
46.98454238008708,22.256103004598366
25.117231593467295,-9.139674043149123
28.2769720768556,12.11050137481478
53.96111606620252,3.2020795646393374
14.40178528893739,-4.5908566662996115
46.6629981296137,2.64187297076867
6.17443670053035,-12.70159662800545
46.378262587822974,13.304794969020572
11.965027987025678,6.602510096171088
46.6068428568542,18.774145646718736
47.95112203806639,18.26078621725324
8.176946905441582,-15.183363750245107
8.436953737400472,-4.4599959924768315
2.903858134523034,6.397134272323897
7.812378765083849,27.317642369953333
16.407749662175775,21.717353417941407
43.938555610366166,22.593088956277537
33.261029846034944,17.660997017237005
26.318484381772578,14.949198083798782
13.816475733183324,-20.04805390699301
3.656075424514711,2.053068581953335
57.826010417193174,18.998128061818466
24.320587744005024,-11.861171067039354
9.145114556886256,2.669989110686821
20.396041399799287,16.92439021078401
51.92537267692387,1.5171623919096062
56.97779611218721,16.704653751517913
3.473397558555007,-13.751272779802358
28.284673732705414,0.01917571872082946
29.959842190146446,-2.5385344677420005
16.05107255280018,3.7127509244310843
3.9693388575688004,-0.4555279686956242
23.97945750039071,3.22090731704737
31.999267456121743,18.309097346791454
41.801573247648776,3.7143834632160893
47.493301215581596,6.01050769145772
19.574655666947365,7.301754020476791
34.91656940896064,2.178871440113987
26.727148625068367,11.196023901804146
12.438911776989698,-9.860894115729641
25.18857325427234,-8.915622798886028
29.894159864634275,-11.787200739756761
31.70742774847895,-3.8607402776838846
46.995647200383246,5.515964857841173
42.64478098601103,1.5746196433878588
51.861458946950734,22.868098514299707
10.278619537129998,4.257886016343798
16.34212180506438,9.841226441322718
39.21314589679241,9.171390489309147
25.09105822071433,1.3792420917014059
15.58600296266377,-11.620963903612092
16.452521556057036,-7.944090307282234
52.71004419308156,6.160951848471684
14.630659678950906,-5.157344887529105
51.28267227206379,10.100143186799823
45.145030338317156,16.605127715541585
30.779605857096612,1.851808126734273
51.84428061358631,-0.8638513628085178
8.044859748333693,-2.8753469639067677
52.4381003016606,-7.231379749483413
42.876300564967096,25.421408501003324
0.09250579867511988,13.984116924897734
29.74850377533585,10.95128884108293
12.987879803404212,14.292238792448492
20.75779031496495,-9.105123596480938
39.55616482067853,14.33720131140001
55.154972495511174,-0.6124190394934246
39.32763633783907,14.617443597393008
17.60602170601487,-35.252046059811626
3.332498800009489,-0.8069353113496818
6.837792587466538,9.663242589166856
5.264209667220712,-2.657015879996597
29.465775238350034,-7.625950628701826
14.595573297701776,20.025170780545384
37.5887941243127,11.46062795291645
43.48685990553349,37.03963826842204
49.96263098437339,16.534273705680324
41.75419606268406,8.055155211292996
6.230834727175534,6.498157839398316
47.87809666246176,3.6651755390548857
57.113581909798086,0.9528072713196352
55.62574407085776,-1.8155231181000957
50.792693621478975,1.462953055148931
26.447094921022654,-24.865484059101856
22.63042143546045,-1.6925670987239272
36.044424693100154,6.877524855388309
9.07835750374943,0.6045115712159879
55.27758878655732,23.69330571198274
58.669588258489966,16.74012270118319
30.348373437300324,5.089298159194288
0.5310027161613107,18.636623874456497
51.782043278217316,-4.133746547080481
6.824273751117289,-8.594397874231248
53.10213189572096,-2.8103922528981453
6.715226308442652,-4.484266635385314
27.158907274715602,-25.49443854847197
31.4911606349051,33.44431952021649
23.602437009103596,-1.1746295002494582
43.44707798212767,39.565883083952386
29.902736395597458,15.682045163670534
9.490315415896475,-25.241215959333314
45.087359924800694,3.740836325310739
10.970090324990451,21.350615084251878
23.60895977821201,2.7086906532279915
52.5042940210551,8.631015970745295
16.207713866606355,-12.83138050030145
14.175015049986541,-3.7564600391073486
24.624168779700994,-18.66978889111453
54.54243807122111,20.221500727743766
1.425830195657909,-17.78558714125539
41.3487221673131,12.602210962682985
6.957541708834469,-42.8331862295463
27.205757196061313,-21.37559636795322
22.717015952803195,-0.7088490570495016
37.92265824973583,1.2535429476304536
17.123904791660607,-14.218992863458583
43.12749474775046,3.9677707128386217
42.75514674838632,9.902173508819274
1.94388662930578,-15.11437744546477
46.81669972836971,23.414099883285164
32.360281948931515,42.80071593190986
16.960047441534698,-23.336241809958267
16.7556884419173,-23.864614813916482
25.719989715144038,-26.426898809172968
28.36575272027403,-6.562243319199002
17.729842700064182,-0.8185163656439587
16.197620909661055,-16.148103395924217
27.43475549854338,3.067669720657336
23.646982186473906,-2.903262442864838
37.60326353833079,31.069860876348532
51.65030776988715,-22.693389948202356
56.935670832172036,21.57020983629327
13.22424229234457,-2.417641783836598
18.66903950460255,5.79981262002296
23.33405108191073,6.2386448792719245
16.609483784995973,18.634779065701785
21.4483054401353,-1.61363355484737
32.16769105754793,16.70738129098973
20.36339088343084,-1.731842603320369
50.06388614885509,-3.6144005034267543
7.995541887357831,-27.234862407187883
37.649850309826434,5.768836394415585
28.49517990835011,-6.528017781005462
42.43166626431048,21.000918541384934
55.86054396349937,-2.1662292411395487
19.691286371089518,10.844606780437456
37.6819423539564,19.214128094662485
43.07773447595537,19.98104280898938
45.205584852956235,13.346889819480747
46.89056132454425,20.987026659058827
40.58915161527693,23.23015533746016
11.756985001266003,-5.6110094354294855
51.21873655356467,4.878912165321727
8.636985635384917,-7.501326004337866
39.77041522040963,15.224957556633433
3.929758365266025,7.216154417044693
34.25186664797366,3.070467711946055
16.273134467191994,-11.476469837538595
7.247138069942594,-16.12583864218012
50.449798232875764,-2.7010010558753006
44.845754373818636,9.278959989111382
15.617421939969063,-17.883114469798944
31.56100246589631,20.534252830009425
14.776791650801897,6.965040192107974
32.53139457665384,35.34749407696754
36.52705726213753,5.038545439979588
9.876246247440577,-6.986628419082107
33.59265488572419,29.693101787102208
55.34523471258581,0.7175285310968
14.096051501110196,-24.321777961706402
23.989842985756695,0.14305666463114308
50.58892303146422,-7.960234078196226
12.091354136355221,1.1086937314147052
18.108844365924597,3.540482421941787
23.23935534339398,6.6549853660743
53.606678056530654,-2.4347316820448306
3.5151925357058644,-16.251160813374476
7.227327902801335,-33.396735863381835
16.024202979169786,9.983774194526466
53.68868756107986,-1.426953301821678
39.68532954342663,3.4859557503630523
52.93114399071783,4.429051873476108
15.648295939899981,15.264612024272147
35.49795791041106,33.349305785076936
43.030005963519216,13.397378935442536
41.97804112918675,-6.606077433904051
29.464569124393165,-10.992231328101132
57.729578842408955,8.564812388586262
35.86555405519903,6.0714761063442335
29.68887845054269,-3.0995258430293346
20.084507181309164,12.724825602825065
11.24199174810201,-14.309529745486532
27.462741401977837,-17.518832917530013
36.365108150057495,4.493378292670586
23.70704331435263,-16.079013053538954
10.731894643977284,7.239510145794535
58.143051280640066,9.252132982730414
13.170427498407662,-10.748564528909771
48.9646314131096,15.263510158549126
32.21742067951709,41.330333415516286
44.37823879066855,20.66844691994065
58.388576530851424,15.655032862411167
54.233590280637145,-7.4097567818257986
23.33271992392838,18.57580359464382
18.56284148991108,20.4352645322303
46.23583051376045,-3.8564959399133247
58.44682997558266,11.432344005418623
23.19620255380869,12.581882012126492
40.081570241600275,20.136496364445673
3.6845984403043985,-15.170365011056834
45.284653566777706,4.495604860311955
52.180292825214565,-9.57075230042145
21.556119821034372,-14.391344614940746
55.883525060489774,8.552646020078887
23.22878952138126,0.5166210403814786
39.50280457735062,21.749654535233027
44.58069414831698,9.318296581658377
44.90637651644647,20.77591033237377
4.148018779233098,8.283114084208895
10.613811523653567,1.3879512926425575
9.522702042013407,23.175239811777566
35.666313213296235,18.94988632623901
48.70847025420517,10.013236824943558
48.95608006976545,4.9596128486880176
59.62541727349162,15.803868875613652
20.447736186906695,7.801838578750113
45.051970509812236,0.45846918667855263
28.926615952514112,-1.4998893751207432
25.006651114672422,6.367744045506112
21.97188690304756,1.8581301475051544
41.57041604630649,16.158835612107847
36.510033938102424,8.408380804927578
30.541247120127082,-14.12120989334042
11.280600051395595,7.733064559248581
11.920330650173128,15.756264943578884
59.49775942135602,3.7020508773710112
53.72180450242013,2.899430372390612
33.10854275710881,38.16898306022172
32.56018047686666,11.847705450450697
35.77322374563664,13.074850494187551
12.759026451967657,3.11409379230649
2.761440030299127,15.916681415969622
1.020257561467588,-0.6748884148190815
32.86263747140765,7.472565403516043
41.131761255674064,11.578663969243253
14.431962864473462,-0.9891479961562455
16.23867600224912,-2.9517140727080386
28.90442405361682,26.724280596017557
36.918223849497736,5.367951878415644
45.81357310060412,9.070812723860413
21.745225014165044,1.707274625681331
37.6000102981925,15.649619706865485
41.41073133330792,20.30129549185026
20.98804943729192,16.072296014565055
50.41104908566922,-1.335251919950947
1.097044749185443,-3.4877115336465985
53.94065286498517,10.564715448461298
0.5740507319569588,2.9866493057890042
1.2900485610589385,-1.7438823120789344
30.04447982646525,-6.780762807455986
1.1135113053023815,5.831040899545188
2.757638138718903,13.7693323610142
3.407954229041934,23.52826489344687
9.436049619689584,-19.12023110722656
25.142609383910894,0.46963696976644914
38.81040040869266,5.968017660968776
1.5297255059704185,-36.15971716171098
45.80015043262392,7.3240592228367944
18.494475865736604,17.396293851233327
40.2307696826756,8.44309579822008
28.740491741336882,16.184235913343457
22.549284640699625,1.3734902816744656
35.34920055884868,32.80603506632502
54.623392573557794,13.12258016707619
19.942901115864515,-2.0132629552855366
7.4284022860229015,-16.86810080897098
23.424261175096035,-17.432876917092813
56.96065797004849,6.325085474284844
36.59455421380699,4.207951572517178
6.035876185633242,12.336906097703231
0.5149724381044507,12.807305734463247
57.28419391438365,20.725990379023177
28.485824642702937,-1.6090844782409803
25.749976951628923,-0.36327111210816665
42.57339270785451,18.143351589140195
24.788415008224547,-2.218861026890036
14.520412674173713,4.423258400875855
43.6866696132347,27.56443173066402
54.355054856278,0.6142756502220976
26.416551587171853,5.049697240390882
59.51465324498713,10.451176922715494
42.29429396800697,11.64006268756268
22.298281607218087,-5.204320775702511
29.003013730980456,-13.522584406977085
13.484691213816404,-4.030442655193717
15.333406808786094,13.189286762208182
54.734201319515705,5.063868784593251
8.068419224582613,-15.343016721927377
43.58337951824069,3.621363843373377
10.421057506464422,18.2019530084724
57.467361353337765,15.340239609278036
24.952808870002627,-0.7126785251241234
36.463469727896154,16.980429944455945
48.190528554841876,-7.3211674047834805
55.197720089927316,-10.914345603679067
39.136705147102475,6.223236406859881
22.937071449123323,-2.1698424464622494
33.70847146958113,29.28535484648627
9.998199865221977,-25.287244769439344
58.56857811100781,-3.3107496865157753
33.62813307903707,7.571465271626122
47.27462065871805,4.14888788551164
22.16111799236387,13.380826546307182
11.566117079928517,-14.679335522828186
57.44839754886925,1.745676237824588
8.761914605274796,-10.632406382752958
15.911288363859057,12.549737690519127
29.955566134303808,-2.6639305246608616
34.71988260280341,23.586664271046278
13.760409294627607,-22.28236609924476
23.873092057183385,-12.636435213793767
50.58047172613442,-11.054448043332854
35.611388543620706,10.7244363308477
22.243280271068215,9.434858119133303
24.195951903238893,-7.692280841903911
52.6489957049489,-1.336506053830521
4.553940715268254,21.746201889501073
50.67153590731323,3.8517120207887374
5.547441691160202,1.3517886774735817
5.690353042446077,-8.898845451849096
38.410310223698616,4.2530495912230055
29.796647541224957,-7.974066350231864
26.564049068838358,-3.776741952968266
24.769451203756034,-8.88047350276954
19.49413889553398,13.337462346442646
33.89805367682129,18.719713671670018
6.704674679785967,-11.938416117801507
3.2616646075621247,16.995539420778105
29.445213871076703,-11.958068429458631
7.071089772507548,-23.85981388777983
22.27621665224433,2.0860481433242875
57.41926833987236,5.136972965851605
44.133194466121495,6.9315736810028685
16.634503095410764,2.451714960410315
10.017414232715964,6.737894839941924
53.27059021219611,9.217257523796201
48.430969789624214,14.330603725946066
53.251266055740416,12.050169363768502
58.33116970025003,16.49986298897781
29.44186946377158,26.104552667313573
2.242857967503369,-13.22672604860665
25.003275219351053,1.2427628441413456
18.166406038217247,-3.6629635792277044
52.93379810638726,-3.777929230112468
24.921486005187035,-4.880638475563501
55.152145265601575,-0.13845129547457802
28.281791140325367,-3.7597734457002585
4.698894526809454,11.493485532197859
10.10241060052067,-5.677280956106237
23.13796483911574,13.576464827571414
29.94682545773685,-2.3134859977194826
59.96805053204298,25.81940044456027
23.561791232787073,-24.317612892385934
7.440342726185918,8.874611580995444
57.76126366574317,14.463083862943797
9.883101512677968,18.363878882235205
5.312190712429583,14.76330969226919
30.23342214524746,-6.109621671916678
29.74751377478242,14.758257300082594
28.695524227805436,3.682271679738808
33.69895317591727,13.078204508759587
34.72708943299949,49.15197682336827
39.46381841786206,11.362495043287183
40.3019204037264,0.36357662169304206
27.851031739264727,11.432763383545032
42.131918985396624,-16.258229406794722
59.33257914148271,4.012948443009509
44.11505221389234,0.8315179619852664
17.323335791006684,17.31039369404833
45.994041371159256,8.963499009296305
10.201762123033404,25.428035755942254
27.08434052299708,22.07220812331161
20.570799987763166,8.614412197167125
40.12913279235363,22.946899547066334
18.59100450295955,6.384130834168573
7.15299226809293,13.447947206785368
5.156391905620694,-8.062623702033697
46.2171641131863,1.4577704074381952
6.05130226816982,-1.979390255651173
45.14174039941281,25.371282951472384
43.3717733155936,12.409096140091883
26.820987216196954,-19.602812117459607
30.662065632641315,17.12622936642873
39.67598683666438,10.855946611364555
34.58542970940471,30.63366934699711
3.18580680526793,-14.390272179465853
19.7673304611817,1.1546610658645977
28.94230507314205,-11.198786347433165
39.36136839911342,-2.1372643527215907
32.149567203596234,16.311766109767433
19.258015137165785,11.84991007803027
42.39031755365431,14.95838333098348
59.35457677580416,14.625418189413457
34.70947455614805,20.649335437268178
34.41900577861816,23.243593769735742
57.728559700772166,1.810215923865254
15.479074381291866,-19.95218137944251
55.701464004814625,6.923244373762334
27.69012118689716,3.7743900472644754
29.899582425132394,8.222809867188289
